{"throughput":{"x":[0,1,2,3,4,5,6,7,8,9,10,11,12,13,14,15,16,17,18,19,20,21,22,23,24,25,26,27,28,29,30,31,32,33,34,35,36,37,38,39,40,41,42,43,44,45,46,47,48,49,50,51,52,53,54,55,56,57,58,59],"submitted":[0,0,11,11,10,10,10,10,10,10,10,8,0,0,0,0,0,11,11,10,10,10,10,10,10,10,8,0],"succeeded":[0,0,6,9,7,14,10,10,10,10,10,14,0,0,0,0,0,11,10,10,10,10,10,10,10,10,9,0],"failed":[0,0,0,0,0,0,0,0,0,0,0,0,0,0,0,0,0,0,0,0,0,0,0,0,0,0,0,0]},"latency":{"x":[0,1,2,3,4,5,6,7,8,9,10,11,12,13,14,15,16,17,18,19,20,21,22,23,24,25,26,27,28,29,30,31,32,33,34,35,36,37,38,39,40,41,42,43,44,45,46,47,48,49,50,51,52,53,54,55,56,57,58,59],"max":[0,0,0.598,0.665,1.071,1.132,0.573,0.568,0.572,0.553,0.575,0.558,0,0,0,0,0,0.047,0.019,0.033,0.017,0.039,0.019,0.055,0.022,0.039,0.033,0],"min":[0,0,0.536,0.529,0.539,0.534,0.529,0.531,0.529,0.527,0.534,0.526,0,0,0,0,0,0.012,0.013,0.013,0.013,0.012,0.013,0.011,0.012,0.012,0.011,0],"avg":[0,0,0.5676666666666667,0.5640000000000001,0.7675714285714285,0.7633571428571428,0.5416000000000001,0.5446000000000001,0.5444000000000001,0.5382,0.5458000000000001,0.5358571428571429,0,0,0,0,0,0.020272727272727276,0.0142,0.017200000000000003,0.014700000000000001,0.016800000000000002,0.015500000000000003,0.018400000000000007,0.0149,0.0161,0.017,0]},"summary":{"txSub":200,"txSucc":200,"txFail":0,"round":2},"report":""}